"URL","Nid","Post date","Link Category"
"http://www.taranehalidoosti.blogfa.com/","https://filbaan.net/node/904 ","1392-04-14 10:28:24","اشخاص, زنان, وبلاگ‌ها"
"http://emamzadeh.wordpress.com/","https://filbaan.net/node/902 ","1392-04-14 10:21:24",""
"http://gol-ku.blogspot.fr/","https://filbaan.net/node/894 ","1392-04-07 19:15:42","وبلاگ‌ها"
"http://sinaazari.blogspot.fr/","https://filbaan.net/node/900 ","1392-04-07 17:19:26","وبلاگ‌ها"
"http://www.foxnews.com/","https://filbaan.net/node/898 ","1392-04-07 17:17:55","سایت‌های خبری"
"http://praxies.org/","https://filbaan.net/node/896 ","1392-04-07 17:16:49","وب‌سایت‌های دیگر"
"http://kmanesh.blogspot.fr/","https://filbaan.net/node/892 ","1392-04-07 17:14:41","وبلاگ‌ها"
"http://zananeha.com/","https://filbaan.net/node/882 ","1392-03-31 14:51:25","زنان"
"http://chamedanak.blogspot.com","https://filbaan.net/node/888 ","1392-03-31 12:55:54","وبلاگ‌ها"
"http://4critic.wordpress.com/","https://filbaan.net/node/886 ","1392-03-31 12:54:39","زنان, وبلاگ‌ها"
"http://smto.ir/","https://filbaan.net/node/884 ","1392-03-31 12:53:01","اشخاص, وبلاگ‌ها"
"http://javad.30morgh.org/","https://filbaan.net/node/880 ","1392-03-31 12:50:17","اشخاص, وبلاگ‌ها"
"http://sameddin-ziaee.blogspot.fr/","https://filbaan.net/node/878 ","1392-03-31 12:49:02","وبلاگ‌ها"
"http://measer-pear.blogspot.fr/","https://filbaan.net/node/877 ","1392-03-31 12:48:01","وبلاگ‌ها"
"http://notes.parastood.ir/","https://filbaan.net/node/890 ","1392-03-26 14:57:16","زنان, وبلاگ‌ها"
"http://pichak.net","https://filbaan.net/node/874 ","1392-03-21 10:56:50","فناوری"
"http://etelaf.net","https://filbaan.net/node/872 ","1392-03-20 18:55:28","سایت‌های خبری"
"http://www.ibnanews.ir/","https://filbaan.net/node/870 ","1392-03-17 10:43:50","سایت‌های خبری"
"https://www.filbaan.net/ahmadinejadSMS","https://filbaan.net/node/868 ","1392-03-17 10:39:18","وب‌سایت‌های دیگر"
"http://www.mehrnews.com","https://filbaan.net/node/865 ","1392-03-13 15:40:27","سایت‌های خبری"
"http://omidnameh.com/","https://filbaan.net/node/863 ","1392-03-07 13:48:12","سایت‌های خبری"
"http://www.dolatebahar.com/","https://filbaan.net/node/861 ","1392-03-07 13:39:27",""
"http://www.mardomsalari.com/Template1/Home.aspx","https://filbaan.net/node/859 ","1392-03-01 12:36:35",""
"http://aftabnews.ir/","https://filbaan.net/node/857 ","1392-03-01 12:32:59",""
"http://www.baharnewspaper.com/","https://filbaan.net/node/855 ","1392-03-01 12:29:45",""
"http://meyarnews.com","https://filbaan.net/node/845 ","1392-02-27 18:18:11","سایت‌های خبری"
"http://www.bahaaronline.ir/","https://filbaan.net/node/851 ","1392-02-27 12:22:52","سایت‌های خبری"
"http://www.baharna.ir/","https://filbaan.net/node/849 ","1392-02-27 12:21:45","سایت‌های خبری"
"http://roshanaee.ir/","https://filbaan.net/node/847 ","1392-02-27 12:20:37","سایت‌های خبری"
"http://www.tangestannews.ir/","https://filbaan.net/node/843 ","1392-02-25 14:22:49","سایت‌های خبری"
"http://etedalpress.ir","https://filbaan.net/node/841 ","1392-02-25 14:18:16","سایت‌های خبری"
"http://www.farscinema.com","https://filbaan.net/node/839 ","1392-02-25 14:13:55","فرهنگ"
"http://www.baztab.net/","https://filbaan.net/node/837 ","1392-02-25 14:08:54","سایت‌های خبری"
"http://musiciranian.blogfa.com/","https://filbaan.net/node/835 ","1392-02-25 14:02:19","فرهنگ, وبلاگ‌ها"
"https://fa.wikipedia.org/wiki/%D9%85%D8%AD%D9%85%D9%88%D8%AF_%D8%A7%D8%AD%D9%85%...","https://filbaan.net/node/819 ","1392-02-12 12:30:55","فناوری"
"http://fatemehshams.com/","https://filbaan.net/node/833 ","1392-02-12 11:01:39","زنان, وبلاگ‌ها"
"http://www.itanz.com/","https://filbaan.net/node/831 ","1392-02-12 11:00:48","سایت‌های خبری, وب‌سایت‌های دیگر"
"http://www.debsh.com","https://filbaan.net/node/829 ","1392-02-12 10:59:42","اشخاص, وبلاگ‌ها"
"http://emtehanat92.blogfa.com/","https://filbaan.net/node/827 ","1392-02-12 10:49:32","وبلاگ‌ها, وب‌سایت‌های دیگر"
"http://ashkeatash2.blogfa.com/","https://filbaan.net/node/825 ","1392-02-12 10:45:43","وبلاگ‌ها"
"http://www.reforms.ir","https://filbaan.net/node/823 ","1392-02-12 10:40:37","سایت‌های خبری"
"http://vokalayemelat.blogfa.com/","https://filbaan.net/node/821 ","1392-02-12 10:36:31","وبلاگ‌ها"
"http://www.livescore.com/","https://filbaan.net/node/817 ","1392-02-12 10:26:16","وب‌سایت‌های دیگر"
"http://www.babylon.com/","https://filbaan.net/node/815 ","1392-02-04 14:58:10","فرهنگ, فناوری"
"http://sormehr.blogspot.fr/","https://filbaan.net/node/813 ","1392-02-04 14:56:44","زنان, وبلاگ‌ها"
"http://freelanceronline.blogspot.com","https://filbaan.net/node/811 ","1392-02-04 14:55:46","وبلاگ‌ها"
"http://www.akbaralami.com/Public/Default.aspx","https://filbaan.net/node/809 ","1392-02-04 14:54:34","اشخاص"
"http://harfehesaaby.blogspot.com","https://filbaan.net/node/807 ","1392-02-04 14:53:40","وبلاگ‌ها"
"http://derazleng2.wordpress.com","https://filbaan.net/node/805 ","1392-02-04 14:52:45",""
"http://salamkhatami.org","https://filbaan.net/node/803 ","1392-01-29 14:59:18","سازمان‌ها"
"http://www.salamkhatami.com","https://filbaan.net/node/801 ","1392-01-29 14:58:02","اشخاص"
"http://shahrgon.com/","https://filbaan.net/node/799 ","1392-01-27 12:10:38",""
"http://www.greencorrespondents.net/","https://filbaan.net/node/797 ","1392-01-27 12:09:35",""
"http://norooznews.org/","https://filbaan.net/node/795 ","1392-01-27 12:08:45","سایت‌های خبری"
"http://www.emruznews.com/","https://filbaan.net/node/793 ","1392-01-27 12:01:17","سایت‌های خبری"
"http://www.bbc.co.uk/persian/","https://filbaan.net/node/791 ","1392-01-27 11:59:59",""
"http://www.irangreenvoice.net","https://filbaan.net/node/789 ","1392-01-27 11:58:39","سایت‌های خبری"
"http://www.kaleme.com/","https://filbaan.net/node/788 ","1392-01-27 11:58:06","سایت‌های خبری"
"https://www.filbaan.net/mashaee.mashaee","https://filbaan.net/node/786 ","1392-01-22 15:54:41","اشخاص"
"http://bigsleep.wordpress.com","https://filbaan.net/node/782 ","1392-01-16 18:20:46","وبلاگ‌ها"
"http://mohajerani.maktuob.net","https://filbaan.net/node/784 ","1392-01-16 16:21:31","اشخاص"
"http://monsefaneh.blogspot.com","https://filbaan.net/node/780 ","1392-01-16 16:19:59","وبلاگ‌ها"
"http://www.tahavolesabz.net/","https://filbaan.net/node/778 ","1392-01-16 16:19:01","سایت‌های خبری"
"http://aabeee.blogspot.com","https://filbaan.net/node/776 ","1392-01-16 16:18:09",""
"http://www.pouria-alami.com/","https://filbaan.net/node/774 ","1392-01-16 16:17:14","اشخاص, وبلاگ‌ها"
"http://shirzanan.com/","https://filbaan.net/node/772 ","1392-01-16 16:16:11","زنان"
"http://sinjimbanoo.blogspot.com","https://filbaan.net/node/770 ","1392-01-16 16:15:20",""
"http://farjam.wordpress.com/","https://filbaan.net/node/768 ","1392-01-16 16:14:26","وبلاگ‌ها"
"http://www.radiofarda.com","https://filbaan.net/node/766 ","1392-01-16 16:13:15","سایت‌های خبری"
"http://sasasose.wordpress.com/","https://filbaan.net/node/762 ","1392-01-05 11:42:32","وبلاگ‌ها"
"http://www.seratnews.ir/","https://filbaan.net/node/764 ","1392-01-05 10:43:47","سایت‌های خبری"
"http://www.loghatnaameh.org/","https://filbaan.net/node/761 ","1392-01-05 10:42:25","فرهنگ"
"http://sahamnews.org/","https://filbaan.net/node/758 ","1392-01-05 10:41:07","سایت‌های خبری"
"http://tajrobehayeeazad.wordpress.com/","https://filbaan.net/node/756 ","1392-01-05 10:39:17","وبلاگ‌ها"
"http://zaeefe.wordpress.com/","https://filbaan.net/node/754 ","1391-12-23 13:06:26","زنان, وبلاگ‌ها"
"https://www.filterkhor.com/","https://filbaan.net/node/752 ","1391-12-23 13:05:28","فناوری"
"https://www.filbaan.net/vpn","https://filbaan.net/node/748 ","1391-12-23 12:49:52","فناوری"
"http://www.wikiseda.org","https://filbaan.net/node/750 ","1391-12-23 12:03:48","فرهنگ"
"http://talash-online.com","https://filbaan.net/node/746 ","1391-12-17 12:49:08","سایت‌های خبری"
"http://tighmahi.blogspot.com","https://filbaan.net/node/732 ","1391-12-17 12:41:59","زنان, وبلاگ‌ها"
"http://hiddensongzzz.blogspot.com","https://filbaan.net/node/744 ","1391-12-17 11:48:14","وبلاگ‌ها"
"http://advar-news.biz/","https://filbaan.net/node/742 ","1391-12-17 11:47:30","سایت‌های خبری"
"http://gistela.blogspot.com","https://filbaan.net/node/740 ","1391-12-17 11:46:30","زنان, وبلاگ‌ها"
"https://www.sabzlink.com/","https://filbaan.net/node/738 ","1391-12-17 11:45:33","سایت‌های خبری"
"http://neshanesign.blogspot.com","https://filbaan.net/node/736 ","1391-12-17 11:44:26","وبلاگ‌ها"
"http://ir.voanews.com/","https://filbaan.net/node/734 ","1391-12-17 11:43:28","سایت‌های خبری"
"http://amiraaneh.blogspot.com","https://filbaan.net/node/730 ","1391-12-17 11:41:07","وبلاگ‌ها"
"http://bonyadhomayoun.com","https://filbaan.net/node/728 ","1391-12-17 11:40:12","سازمان‌ها, سایت‌های خبری"
"https://www.filbaan.net/","https://filbaan.net/node/726 ","1391-12-08 12:42:59","سایت‌های خبری"
"http://www.viber.com/","https://filbaan.net/node/724 ","1391-12-08 11:00:17","فناوری"
"http://myedges.wordpress.com/","https://filbaan.net/node/722 ","1391-12-07 18:19:51","وبلاگ‌ها"
"http://www.gunia.blogsky.com/","https://filbaan.net/node/720 ","1391-12-07 18:05:43","وبلاگ‌ها"
"http://www.rayemakojast.org/","https://filbaan.net/node/718 ","1391-12-07 17:56:01","وب‌سایت‌های دیگر"
"http://www.roozonline.com/","https://filbaan.net/node/716 ","1391-12-07 17:51:44","سایت‌های خبری"
"http://sameddin-ziaee.blogspot.fr/","https://filbaan.net/node/714 ","1391-12-07 17:49:45","وبلاگ‌ها"
"http://measer-pear.blogspot.fr/","https://filbaan.net/node/712 ","1391-12-07 17:39:07","وبلاگ‌ها"
"http://www.persian.rfi.fr/","https://filbaan.net/node/710 ","1391-12-07 17:34:45","سایت‌های خبری"
"http://www.vpn.ir/","https://filbaan.net/node/708 ","1391-12-07 17:28:24","فناوری"
"http://seyedmojtaba-vahedi.blogspot.fr/","https://filbaan.net/node/702 ","1391-11-27 15:24:46","اشخاص"
"http://www.arashnaraghi.org/","https://filbaan.net/node/696 ","1391-11-27 15:12:48","اشخاص"
"http://fararei.wordpress.com/","https://filbaan.net/node/706 ","1391-11-27 14:30:34","وبلاگ‌ها"
"http://rememberiranianwomen.com/","https://filbaan.net/node/704 ","1391-11-27 14:28:29","زنان"
"http://netnaz.rozblog.com/","https://filbaan.net/node/700 ","1391-11-27 14:22:10","فناوری"
"http://blog.35dg.com/","https://filbaan.net/node/698 ","1391-11-27 14:17:15","وبلاگ‌ها"
"http://irmug.com/forum/","https://filbaan.net/node/694 ","1391-11-27 14:10:38","فناوری"
"http://www.mohtashami.info/","https://filbaan.net/node/680 ","1391-11-19 11:42:00","اشخاص, زنان, وبلاگ‌ها"
"http://javadroh.blogspot.fr/","https://filbaan.net/node/692 ","1391-11-19 11:23:06","وبلاگ‌ها"
"http://www.enabavi.com/","https://filbaan.net/node/690 ","1391-11-19 11:20:20","اشخاص"
"http://neeloofar.ir/","https://filbaan.net/node/688 ","1391-11-19 10:58:58","فرهنگ"
"http://drmoeen.ir/","https://filbaan.net/node/686 ","1391-11-19 10:54:03","اشخاص"
"http://blog.malakut.org/","https://filbaan.net/node/684 ","1391-11-19 10:51:16","وبلاگ‌ها"
"http://kharkhasak.blogspot.fr/","https://filbaan.net/node/682 ","1391-11-19 10:47:21","وبلاگ‌ها"
"http://www.majmaqom.com/","https://filbaan.net/node/678 ","1391-11-19 10:37:49","سازمان‌ها"
"http://www.azadcyber.info/","https://filbaan.net/node/676 ","1391-11-10 14:58:44","فناوری"
"http://www.tabnak.ir","https://filbaan.net/node/674 ","1391-11-10 14:55:39","سایت‌های خبری"
"http://www.karmandnews.ir/","https://filbaan.net/node/663 ","1391-11-04 16:42:35","سایت‌های خبری"
"http://eghtesadaneh.blogspot.fr/","https://filbaan.net/node/673 ","1391-11-04 16:31:36","وبلاگ‌ها"
"http://maryaminaa.blogspot.fr/","https://filbaan.net/node/671 ","1391-11-04 16:28:27","زنان, وبلاگ‌ها"
"http://bidariirani.edublogs.org","https://filbaan.net/node/669 ","1391-11-04 16:22:22","وبلاگ‌ها"
"http://osyan.net/","https://filbaan.net/node/667 ","1391-11-04 16:02:50","فناوری, وبلاگ‌ها"
"http://hemaghat-nakon.blogspot.fr/","https://filbaan.net/node/665 ","1391-11-04 15:47:46","وبلاگ‌ها"
"http://bipolar25.roomfa.com/","https://filbaan.net/node/661 ","1391-10-26 12:57:26",""
"http://saanei.org/","https://filbaan.net/node/659 ","1391-10-26 12:52:33","اشخاص"
"http://www.ayande.ir/","https://filbaan.net/node/657 ","1391-10-26 12:50:22","وبلاگ‌ها"
"http://gollejeh.ir/","https://filbaan.net/node/655 ","1391-10-26 12:47:25","اشخاص, وبلاگ‌ها"
"http://www.shajarian.net/","https://filbaan.net/node/653 ","1391-10-26 12:42:02","اشخاص"
"http://mehdi.saharkhiz.net/","https://filbaan.net/node/651 ","1391-10-26 12:38:01","وبلاگ‌ها"
"http://www.dastgheib.ir/","https://filbaan.net/node/649 ","1391-10-26 12:30:54",""
"http://www.khatami.ir/","https://filbaan.net/node/647 ","1391-10-26 12:27:52","اشخاص"
"http://www.travian.ir/","https://filbaan.net/node/645 ","1391-10-17 16:11:08","فناوری"
"http://isdle.ir/news/","https://filbaan.net/node/641 ","1391-10-15 15:13:20","سازمان‌ها"
"http://saharkhiz.net/","https://filbaan.net/node/643 ","1391-10-15 14:16:00","اشخاص"
"http://www.tgju.ir/","https://filbaan.net/node/639 ","1391-10-15 14:08:16","سازمان‌ها, وب‌سایت‌های دیگر"
"http://www.etehadie.ir/portal/","https://filbaan.net/node/637 ","1391-10-15 14:06:42","سازمان‌ها"
"http://www.baran.org.ir/","https://filbaan.net/node/635 ","1391-09-29 17:18:53","سازمان‌ها"
"http://www.alarabiya.net/default.html","https://filbaan.net/node/632 ","1391-09-29 16:16:42","سایت‌های خبری"
"http://www.emadbaghi.com/","https://filbaan.net/node/630 ","1391-09-29 16:13:16","اشخاص"
"http://bayatzanjani.net/","https://filbaan.net/node/628 ","1391-09-29 16:11:26","اشخاص"
"http://www.bazargan.com/Abdolali","https://filbaan.net/node/626 ","1391-09-29 16:09:14","اشخاص"
"http://simaab.wordpress.com","https://filbaan.net/node/620 ","1391-09-21 11:49:37","وبلاگ‌ها"
"http://hosseinsanapour.blogfa.com/","https://filbaan.net/node/624 ","1391-09-21 10:57:43","اشخاص"
"http://4divari-mani2.blogspot.fr/","https://filbaan.net/node/622 ","1391-09-21 10:54:39","وبلاگ‌ها"
"http://piaderou.com/","https://filbaan.net/node/618 ","1391-09-21 10:45:28","وبلاگ‌ها"
"http://zahedanpress.org/","https://filbaan.net/node/616 ","1391-09-21 10:35:25","سایت‌های خبری"
"http://philldoost.wordpress.com/","https://filbaan.net/node/610 ","1391-09-15 17:37:04","وبلاگ‌ها"
"http://www.mghaed.com/","https://filbaan.net/node/614 ","1391-09-15 16:43:39","اشخاص"
"http://www.madyariran.net","https://filbaan.net/node/612 ","1391-09-15 16:40:05","اشخاص"
"http://dedicatedtobooks.blogspot.fr/","https://filbaan.net/node/608 ","1391-09-15 16:34:40","وبلاگ‌ها"
"http://mostafazizi.com","https://filbaan.net/node/606 ","1391-09-15 16:30:53","اشخاص"
"http://bahmanagha.blogspot.fr/","https://filbaan.net/node/604 ","1391-09-15 16:27:37","وبلاگ‌ها"
"http://levazand.com/","https://filbaan.net/node/602 ","1391-09-07 15:03:25","اشخاص, زنان, وبلاگ‌ها"
"http://imayan.blogsky.com/","https://filbaan.net/node/600 ","1391-09-07 13:54:46","وبلاگ‌ها"
"http://november25th.blogspot.fr/","https://filbaan.net/node/598 ","1391-09-07 13:48:23","وبلاگ‌ها"
"http://sovietpostcards.blogspot.fr/","https://filbaan.net/node/596 ","1391-09-07 13:46:48","وبلاگ‌ها"
"http://leilakhanoom.wordpress.com/","https://filbaan.net/node/594 ","1391-09-07 13:39:52","وبلاگ‌ها"
"http://www.ETS.org","https://filbaan.net/node/591 ","1391-09-06 11:16:30","فناوری"
"http://3rouzpish.blogspot.fr/","https://filbaan.net/node/587 ","1391-09-01 16:45:39","زنان, وبلاگ‌ها"
"http://daaneshmand.wordpress.com/","https://filbaan.net/node/589 ","1391-09-01 15:51:36","وبلاگ‌ها"
"http://www.fallosafah.org/","https://filbaan.net/node/585 ","1391-09-01 15:39:58","وبلاگ‌ها"
"http://divanesara2.blogspot.fr/","https://filbaan.net/node/583 ","1391-09-01 15:36:44","وبلاگ‌ها"
"http://mmoeeni14.blogspot.fr/","https://filbaan.net/node/581 ","1391-09-01 15:33:21","وبلاگ‌ها"
"http://www.khabgard.com/","https://filbaan.net/node/579 ","1391-08-26 16:31:44","اشخاص, وبلاگ‌ها"
"http://kaavelajevardi.blogspot.fr/","https://filbaan.net/node/577 ","1391-08-26 16:19:43","وبلاگ‌ها"
"http://www.dreamlandblog.com/","https://filbaan.net/node/575 ","1391-08-26 16:18:41","وبلاگ‌ها"
"http://www.maryam-rajavi.com/","https://filbaan.net/node/573 ","1391-08-24 10:32:31","اشخاص"
"http://stackoverflow.com/","https://filbaan.net/node/571 ","1391-08-23 10:28:55","فناوری"
"http://seyedmojtaba-vahedi.blogspot.fr/","https://filbaan.net/node/569 ","1391-08-19 16:07:26",""
"http://nokaremardom.mihanblog.com/","https://filbaan.net/node/567 ","1391-08-15 10:50:43","وبلاگ‌ها"
"http://tiav.mihanblog.com","https://filbaan.net/node/565 ","1391-08-15 10:44:11",""
"http://oboudiat.blogfa.com/","https://filbaan.net/node/557 ","1391-08-08 17:08:24","وبلاگ‌ها"
"http://arkqalasi.blogfa.com/","https://filbaan.net/node/555 ","1391-08-08 16:42:29","وبلاگ‌ها"
"http://dolate-mahmood.blogfa.com/","https://filbaan.net/node/563 ","1391-08-08 16:11:50","وبلاگ‌ها"
"http://ajl-e-emam.blogfa.com/","https://filbaan.net/node/561 ","1391-08-08 16:10:52","وبلاگ‌ها"
"http://zamirekhodagah.blogfa.com/","https://filbaan.net/node/559 ","1391-08-08 16:09:48","وبلاگ‌ها"
"http://www.ahuranews.com/","https://filbaan.net/node/553 ","1391-08-08 15:23:02","سایت‌های خبری"
"http://masoudbehnoud.com/","https://filbaan.net/node/551 ","1391-08-03 18:27:47","اشخاص"
"http://www.guardian.co.uk/","https://filbaan.net/node/549 ","1391-08-03 18:18:56","سایت‌های خبری"
"http://www.lavashak.com/blog","https://filbaan.net/node/547 ","1391-07-28 14:32:26","وبلاگ‌ها"
"http://khabarnegaran.info","https://filbaan.net/node/535 ","1391-07-24 18:51:23","سایت‌های خبری"
"http://www.kanoonjb.com/","https://filbaan.net/node/545 ","1391-07-24 17:46:47","سازمان‌ها"
"http://www.sazegara.net/","https://filbaan.net/node/543 ","1391-07-24 17:45:15","اشخاص"
"http://www.dw.de","https://filbaan.net/node/541 ","1391-07-24 17:43:58","سایت‌های خبری"
"http://banisadr.org/","https://filbaan.net/node/539 ","1391-07-24 17:09:47","اشخاص"
"http://jomhouri.com/jomhouri/","https://filbaan.net/node/537 ","1391-07-24 16:59:45","سایت‌های خبری"
"http://onlinecurrency.ir/","https://filbaan.net/node/533 ","1391-07-14 03:48:07","وب‌سایت‌های دیگر"
"http://www.sarafitehran.com/","https://filbaan.net/node/531 ","1391-07-13 21:45:28","وب‌سایت‌های دیگر"
"http://www.mazanex.com/","https://filbaan.net/node/529 ","1391-07-13 21:42:42","وب‌سایت‌های دیگر"
"http://webzzz.com/","https://filbaan.net/node/525 ","1391-07-11 18:20:56","فناوری"
"http://mihandownload.com/","https://filbaan.net/node/527 ","1391-07-11 16:23:21","فناوری"
"http://www.iranglobal.dk","https://filbaan.net/node/523 ","1391-07-07 16:33:16","سایت‌های خبری"
"http://www.rahatv.tv/","https://filbaan.net/node/521 ","1391-07-07 16:31:48","وب‌سایت‌های دیگر"
"http://www.gmail.com","https://filbaan.net/node/519 ","1391-07-03 14:59:19","فناوری"
"http://www.google.com","https://filbaan.net/node/517 ","1391-07-03 14:57:05","فناوری"
"http://greenwaveiran.com","https://filbaan.net/node/513 ","1391-06-31 20:53:30","سایت‌های خبری"
"http://mazanan.com/","https://filbaan.net/node/511 ","1391-06-31 18:52:13","زنان"
"http://mizankhabar.net","https://filbaan.net/node/509 ","1391-06-27 15:59:24","سایت‌های خبری"
"http://www.iranhrdc.org","https://filbaan.net/node/507 ","1391-06-27 15:45:26","سایت‌های خبری"
"http://www.akhbar-rooz.com/","https://filbaan.net/node/505 ","1391-06-27 15:39:49","سایت‌های خبری"
"https://www.farakhanmeli.org/","https://filbaan.net/node/504 ","1391-06-27 15:36:51","وب‌سایت‌های دیگر"
"http://www.freemag.ir/","https://filbaan.net/node/498 ","1391-06-22 13:37:23","فناوری"
"http://melliun.org/","https://filbaan.net/node/502 ","1391-06-22 11:43:22","سایت‌های خبری"
"http://www.dreamlandblog.com/","https://filbaan.net/node/500 ","1391-06-22 11:41:52",""
"http://www.mborjian.com","https://filbaan.net/node/496 ","1391-06-22 11:34:09","وبلاگ‌ها"
"http://www.roydadnews.ir/","https://filbaan.net/node/494 ","1391-06-16 17:05:44","سایت‌های خبری"
"http://azadegi.com/","https://filbaan.net/node/491 ","1391-06-15 18:58:09","سایت‌های خبری"
"http://shahrvandnegar.com/","https://filbaan.net/node/489 ","1391-06-15 16:55:59","وب‌سایت‌های دیگر"
"http://www.iranianuk.com/","https://filbaan.net/node/487 ","1391-06-14 18:05:48","سایت‌های خبری"
"http://www.fozoolemahaleh.com","https://filbaan.net/node/484 ","1391-06-09 18:19:00","سایت‌های خبری"
"http://parsdailynews.com","https://filbaan.net/node/482 ","1391-06-09 18:17:36","سایت‌های خبری"
"https://eu.battle.net","https://filbaan.net/node/477 ","1391-06-08 12:42:29","فناوری"
"http://mebaily.com/","https://filbaan.net/node/474 ","1391-06-02 15:59:34",""
"http://gilehmard.blogspot.fr/","https://filbaan.net/node/472 ","1391-06-02 15:57:30","وبلاگ‌ها"
"http://pan-iranist.net/","https://filbaan.net/node/470 ","1391-06-02 15:45:15","سایت‌های خبری"
"http://www.bidaran.net/","https://filbaan.net/node/468 ","1391-06-02 15:38:00","سایت‌های خبری"
"http://u313.ir/","https://filbaan.net/node/466 ","1391-05-29 17:43:33","وب‌سایت‌های دیگر"
"http://www.apple.com/itunes/","https://filbaan.net/node/464 ","1391-05-29 17:38:51","فناوری"
"http://www.humanrights-ir.org/","https://filbaan.net/node/462 ","1391-05-29 17:36:19","سازمان‌ها"
"http://feministschool.org","https://filbaan.net/node/456 ","1391-05-24 19:32:48","زنان"
"http://www.iranian.com/main/farsi","https://filbaan.net/node/460 ","1391-05-24 17:52:26","سایت‌های خبری"
"http://jensemokhalef.blogspot.fr/","https://filbaan.net/node/458 ","1391-05-24 17:45:35","زنان"
"http://www.hezarsangar.com/index.php","https://filbaan.net/node/454 ","1391-05-24 17:28:12","سایت‌های خبری"
"http://noore14e.blogsky.com/","https://filbaan.net/node/450 ","1391-05-21 13:10:56","وبلاگ‌ها"
"http://barikbin.parsiblog.com/","https://filbaan.net/node/452 ","1391-05-21 11:13:12","وبلاگ‌ها"
"http://www.beheshti.org/","https://filbaan.net/node/432 ","1391-05-19 01:40:18","اشخاص"
"http://sobh84.blogfa.com","https://filbaan.net/node/448 ","1391-05-18 15:06:58","وبلاگ‌ها"
"http://www.shahrzadnews.org","https://filbaan.net/node/446 ","1391-05-16 15:33:19","زنان"
"http://www.seculargreens.com","https://filbaan.net/node/444 ","1391-05-16 15:31:36","سایت‌های خبری"
"http://www.dialogt.net","https://filbaan.net/node/442 ","1391-05-16 15:28:58","وب‌سایت‌های دیگر"
"http://sibestaan.malackut.org/","https://filbaan.net/node/440 ","1391-05-16 15:27:25","وبلاگ‌ها"
"http://www.iraneda.net","https://filbaan.net/node/438 ","1391-05-16 15:25:33","فرهنگ"
"http://www.irandarjahan.net/","https://filbaan.net/node/434 ","1391-05-13 19:42:51","سایت‌های خبری"
"http://fa.stopstonningnow.com/","https://filbaan.net/node/436 ","1391-05-13 17:45:46","سایت‌های خبری"
"http://mahmoodsaremi.blogfa.com/","https://filbaan.net/node/428 ","1391-05-07 18:28:03","وبلاگ‌ها"
"http://qods.info/","https://filbaan.net/node/430 ","1391-05-07 14:29:30","وبلاگ‌ها"
"http://arefpeygami.blogfa.com/","https://filbaan.net/node/426 ","1391-05-07 14:26:22","وبلاگ‌ها"
"http://www.hra-news.org/","https://filbaan.net/node/422 ","1391-05-05 20:34:12","زنان"
"http://www.we-change.org","https://filbaan.net/node/420 ","1391-05-05 20:31:58","زنان"
"http://www.meydaan.com","https://filbaan.net/node/424 ","1391-05-05 18:38:42","سایت‌های خبری"
"http://www.sabznameh.com","https://filbaan.net/node/411 ","1391-05-05 17:52:50","سایت‌های خبری"
"http://1beehnam.blogspot.fr/","https://filbaan.net/node/409 ","1391-05-05 15:49:11","وبلاگ‌ها"
"http://varesh.blogfa.com/","https://filbaan.net/node/418 ","1391-05-04 21:41:47","وبلاگ‌ها"
"http://titrcafe.blogspot.fr/","https://filbaan.net/node/416 ","1391-05-02 19:16:53","وبلاگ‌ها"
"http://www.bahrammoshiri.com/","https://filbaan.net/node/414 ","1391-05-02 19:16:10","اشخاص"
"http://www.ettelaat.net/","https://filbaan.net/node/389 ","1391-04-28 16:28:29","سایت‌های خبری"
"http://www.peykeiran.com/","https://filbaan.net/node/387 ","1391-04-28 16:27:24","سایت‌های خبری"
"http://www.parlemannews.com","https://filbaan.net/node/385 ","1391-04-28 15:23:57","سایت‌های خبری"
"http://www.4shared.com/","https://filbaan.net/node/383 ","1391-04-28 15:19:47","فناوری"
"http://www.bnrengo.blogfa.com/","https://filbaan.net/node/381 ","1391-04-27 21:33:40","وبلاگ‌ها"
"http://parazitmagazine.blogfa.com","https://filbaan.net/node/379 ","1391-04-22 13:41:01","وبلاگ‌ها"
"http://tangestannews.com/","https://filbaan.net/node/377 ","1391-04-22 13:36:04","سایت‌های خبری"
"http://jomhour.org","https://filbaan.net/node/375 ","1391-04-22 13:34:47","وبلاگ‌ها"
"http://www.mojahedin.org","https://filbaan.net/node/373 ","1391-04-22 13:33:45","سازمان‌ها"
"http://sokhanibashoma.blogspot.fr/","https://filbaan.net/node/371 ","1391-04-22 13:32:15","وبلاگ‌ها, اشخاص"
"http://alef.ir/","https://filbaan.net/node/369 ","1391-04-20 19:24:53","سایت‌های خبری"
"http://jadi.net","https://filbaan.net/node/367 ","1391-04-19 14:45:16","وبلاگ‌ها"
"http://persian.kamangir.net/","https://filbaan.net/node/365 ","1391-04-19 12:17:06","وبلاگ‌ها, اشخاص"
"http://www.shahinnajafimusic.com/","https://filbaan.net/node/363 ","1391-04-16 15:15:31","اشخاص"
"http://missionfreeiran.org/","https://filbaan.net/node/361 ","1391-04-16 15:12:35","سایت‌های خبری"
"http://tehranreview.net/","https://filbaan.net/node/359 ","1391-04-16 15:06:47","سایت‌های خبری"
"http://www.persian-cpb.blogspot.fr/","https://filbaan.net/node/357 ","1391-04-16 15:00:07","وبلاگ‌ها, سازمان‌ها"
"http://mrbahrami.wordpress.com","https://filbaan.net/node/355 ","1391-04-09 14:12:06","وبلاگ‌ها"
"http://digg.com/","https://filbaan.net/node/353 ","1391-04-09 14:05:10","فناوری"
"http://30mail.net","https://filbaan.net/node/351 ","1391-04-09 14:00:12","سایت‌های خبری"
"http://radiokoocheh.com","https://filbaan.net/node/349 ","1391-04-09 13:57:03","سایت‌های خبری"
"http://melimazhabi.com/","https://filbaan.net/node/347 ","1391-04-09 13:51:39","سایت‌های خبری"
"http://www.imdb.com/","https://filbaan.net/node/341 ","1391-04-08 19:10:13","فرهنگ"
"http://www.yahoo110.in","https://filbaan.net/node/345 ","1391-04-08 17:12:48","فناوری"
"http://minunews.com/","https://filbaan.net/node/343 ","1391-04-08 17:11:26","سایت‌های خبری"
"http://www.cgsociety.org/","https://filbaan.net/node/339 ","1391-03-30 13:27:34","فناوری"
"http://cnn.com","https://filbaan.net/node/337 ","1391-03-30 13:19:54","سایت‌های خبری"
"http://bbc.com","https://filbaan.net/node/335 ","1391-03-30 13:16:56",""
"https://www.mullahpiaz.net/","https://filbaan.net/node/333 ","1391-03-30 13:07:24","فرهنگ"
"http://www.marxists.org/farsi/archive/index.htm","https://filbaan.net/node/331 ","1391-03-24 12:12:22","فرهنگ"
"http://mamnoe.wordpress.com/","https://filbaan.net/node/329 ","1391-03-24 11:50:39","فرهنگ"
"http://shadisadr.wordpress.com/","https://filbaan.net/node/327 ","1391-03-24 11:40:06","وبلاگ‌ها, اشخاص"
"http://shabakeh.de/","https://filbaan.net/node/325 ","1391-03-24 11:34:59","سازمان‌ها"
"http://z8un.com/","https://filbaan.net/node/323 ","1391-03-24 11:26:48","وبلاگ‌ها"
"http://www.linkedin.com/","https://filbaan.net/node/321 ","1391-03-21 11:04:04","فناوری"
"http://revayatkhoon.bloghaa.com/","https://filbaan.net/node/319 ","1391-03-21 10:59:23","وبلاگ‌ها"
"http://www.salam-shia.com/","https://filbaan.net/node/317 ","1391-03-16 15:25:50","سایت‌های خبری"
"http://nilooblog.com","https://filbaan.net/node/315 ","1391-03-16 15:21:34","وبلاگ‌ها, فناوری"
"http://www.edu-right.net/index.php","https://filbaan.net/node/309 ","1391-03-15 18:31:54","وب‌سایت‌های دیگر"
"http://www.musicbaran7.in/","https://filbaan.net/node/313 ","1391-03-15 17:23:32","فرهنگ"
"http://ahurai.com/","https://filbaan.net/node/311 ","1391-03-15 17:12:12","فناوری"
"http://www.majzooban.org/fa/","https://filbaan.net/node/307 ","1391-03-15 16:26:35","سایت‌های خبری"
"http://rawanshenasi.de/","https://filbaan.net/node/305 ","1391-03-11 20:57:57","اشخاص, فناوری"
"http://www.radiojavan.com/","https://filbaan.net/node/303 ","1391-03-11 20:52:05","فرهنگ"
"http://enghelabe-eslami.com/","https://filbaan.net/node/301 ","1391-03-11 20:47:45","سایت‌های خبری"
"http://www.shahrvand.com/","https://filbaan.net/node/299 ","1391-03-11 20:41:10","سایت‌های خبری"
"http://www.newsecularism.com","https://filbaan.net/node/297 ","1391-03-04 14:00:52","سایت‌های خبری"
"http://www.mpliran.com","https://filbaan.net/node/295 ","1391-03-04 13:59:53","وب‌سایت‌های دیگر"
"http://www.chrr.biz/","https://filbaan.net/node/293 ","1391-03-04 13:58:19","سایت‌های خبری"
"http://kouhyar.wordpress.com","https://filbaan.net/node/291 ","1391-03-04 13:57:21","وبلاگ‌ها"
"http://nurizad.info/","https://filbaan.net/node/289 ","1391-03-04 13:55:47","اشخاص"
"http://nesvan.wordpress.com","https://filbaan.net/node/285 ","1391-02-29 15:47:21","زنان, وبلاگ‌ها"
"http://www.manoto1.com/home","https://filbaan.net/node/287 ","1391-02-29 13:48:52","فرهنگ"
"http://www.sunni-news.net/fa/","https://filbaan.net/node/283 ","1391-02-29 13:46:10","سایت‌های خبری"
"http://www.farsi1.tv/","https://filbaan.net/node/281 ","1391-02-29 13:44:50","فرهنگ"
"http://mardomak.org/","https://filbaan.net/node/279 ","1391-02-29 13:43:44","سایت‌های خبری"
"http://dadashi.wordpress.com/","https://filbaan.net/node/277 ","1391-02-25 16:30:08","وبلاگ‌ها"
"http://blogveb.com/index.php","https://filbaan.net/node/275 ","1391-02-25 16:22:15","وبلاگ‌ها"
"http://nedaiedaroun.com/","https://filbaan.net/node/273 ","1391-02-20 14:04:13","وبلاگ‌ها"
"http://khamenei.ir/","https://filbaan.net/node/271 ","1391-02-20 13:59:11","اشخاص"
"http://shabakepaydari.com/","https://filbaan.net/node/269 ","1391-02-16 12:52:56","سایت‌های خبری"
"http://www.sigarchi.com/blog/","https://filbaan.net/node/267 ","1391-02-15 13:44:49","وبلاگ‌ها"
"http://www.zanantv.org","https://filbaan.net/node/265 ","1391-02-15 13:43:40","سایت‌های خبری"
"http://blog.hasanagha.org/","https://filbaan.net/node/263 ","1391-02-15 13:42:34","وبلاگ‌ها"
"http://digarban.com/","https://filbaan.net/node/261 ","1391-02-15 13:41:25","سایت‌های خبری"
"http://www.webneveshteha.com/","https://filbaan.net/node/259 ","1391-02-13 15:34:58","وبلاگ‌ها"
"http://www.alibaba.com/","https://filbaan.net/node/257 ","1391-02-13 15:30:00","فناوری"
"http://www.rezaghassemi.com/davat.htm","https://filbaan.net/node/253 ","1391-02-03 12:11:45","اشخاص"
"http://masihalinejad.com/","https://filbaan.net/node/251 ","1391-02-03 12:10:49","اشخاص"
"http://www.khodnevis.org","https://filbaan.net/node/249 ","1391-02-03 12:09:05","سایت‌های خبری"
"http://www.haftan.com","https://filbaan.net/node/247 ","1391-01-28 17:28:08","فرهنگ"
"http://news.gooya.com/index.php","https://filbaan.net/node/246 ","1391-01-28 17:26:51","سایت‌های خبری"
"http://www.drsoroush.com/","https://filbaan.net/node/243 ","1391-01-28 16:45:34","اشخاص"
"http://www.london2012.com/","https://filbaan.net/node/241 ","1391-01-21 11:28:37","وب‌سایت‌های دیگر"
"http://fis-iran.org/fa","https://filbaan.net/node/239 ","1391-01-20 19:44:10","فرهنگ"
"http://nilgoon.org/","https://filbaan.net/node/237 ","1391-01-20 17:42:46","فرهنگ"
"http://makhlough.blogspot.com","https://filbaan.net/node/235 ","1391-01-20 17:41:29","وبلاگ‌ها"
"http://www.akhbar-rooz.com/","https://filbaan.net/node/233 ","1391-01-20 17:39:21","سایت‌های خبری"
"http://www.koodakekar.org","https://filbaan.net/node/231 ","1391-01-16 12:27:24","سازمان‌ها"
"http://salmanmusic.iran.sc/","https://filbaan.net/node/229 ","1391-01-16 12:20:56",""
"http://shabakeh.de/","https://filbaan.net/node/227 ","1391-01-16 12:08:01","سازمان‌ها"
"http://kadivar.com/","https://filbaan.net/node/225 ","1391-01-14 15:56:13","اشخاص"
"http://www.fcnn.com/","https://filbaan.net/node/223 ","1391-01-10 11:30:11",""
"http://www.iwsf.org/","https://filbaan.net/node/221 ","1391-01-10 11:26:08","سازمان‌ها"
"http://www.freewebs.com/majidzohari/library.html","https://filbaan.net/node/219 ","1391-01-10 11:23:13","فرهنگ"
"http://mohegh.blogfa.com/","https://filbaan.net/node/217 ","1391-01-10 11:12:55","وبلاگ‌ها"
"http://www.kar-online.com/main.html","https://filbaan.net/node/215 ","1391-01-10 11:01:23","سایت‌های خبری"
"http://www.rsf-persan.org/","https://filbaan.net/node/213 ","1391-01-07 11:38:29","سازمان‌ها"
"http://hadissarv.com/","https://filbaan.net/node/211 ","1391-01-07 11:12:23","سایت‌های خبری"
"http://norooznews.ir/","https://filbaan.net/node/209 ","1391-01-07 10:50:00","سازمان‌ها"
"http://montazeri.net/","https://filbaan.net/node/207 ","1391-01-07 10:42:34","اشخاص"
"http://8mars.com","https://filbaan.net/node/205 ","1391-01-07 10:32:02","سازمان‌ها"
"http://zahra-hb.com/","https://filbaan.net/node/203 ","1390-12-29 12:15:50","وبلاگ‌ها"
"http://ukforiranians.fco.gov.uk/","https://filbaan.net/node/201 ","1390-12-29 11:32:51","فرهنگ"
"http://www.ashpazonline.com/index.php","https://filbaan.net/node/199 ","1390-12-26 20:20:29","فرهنگ"
"http://www.jolbaksetiz.com/","https://filbaan.net/node/197 ","1390-12-26 12:57:31",""
"http://mesghal.com/","https://filbaan.net/node/194 ","1390-12-21 10:30:41",""
"http://baztab.net/","https://filbaan.net/node/192 ","1390-12-21 10:21:00","سایت‌های خبری"
"http://www.ghatreh.com/","https://filbaan.net/node/190 ","1390-12-19 08:43:43",""
"http://superenherafi.blogfa.com/","https://filbaan.net/node/188 ","1390-12-19 08:36:20","وبلاگ‌ها"
"http://www.instantactionsports.com/fa/sports-betting.html","https://filbaan.net/node/185 ","1390-12-14 14:58:53","وب‌سایت‌های دیگر"
"http://www.teribon.ir/","https://filbaan.net/node/183 ","1390-12-14 14:22:24","سایت‌های خبری"
"http://www.chamrannews.com/","https://filbaan.net/node/181 ","1390-12-14 14:09:06","سایت‌های خبری"
"http://www.hezarsangar.com","https://filbaan.net/node/161 ","1390-12-10 19:23:49","سایت‌های خبری"
"http://www.598.ir/","https://filbaan.net/node/154 ","1390-12-10 16:32:16","سایت‌های خبری"
"http://www.bibaknews.ir","https://filbaan.net/node/152 ","1390-12-10 16:30:12","سایت‌های خبری"
"http://www.seratnews.ir","https://filbaan.net/node/150 ","1390-12-10 16:21:43","سایت‌های خبری"
"http://www.kurdpa.net","https://filbaan.net/node/148 ","1390-12-10 16:15:21","سایت‌های خبری"
"http://www.mihan.net","https://filbaan.net/node/146 ","1390-12-08 18:11:08","سایت‌های خبری"
"http://ukiniran.fco.gov.uk/fa/","https://filbaan.net/node/144 ","1390-12-07 19:01:39","سازمان‌ها"
"http://mesghal.com/","https://filbaan.net/node/142 ","1390-12-07 18:58:01","سایت‌های خبری"
"http://www.rahapress.com/","https://filbaan.net/node/140 ","1390-12-07 18:39:06",""
"http://balatarin.com/","https://filbaan.net/node/130 ","1390-12-02 17:32:36","سایت‌های خبری"
"http://www.hashemirafsanjani.ir/","https://filbaan.net/node/129 ","1390-11-29 19:18:31","اشخاص"
